{"train/loss": 0.3033, "train/grad_norm": 4.714328765869141, "train/learning_rate": 0.0005837535014005602, "train/epoch": 1.8954248366013071, "train/global_step": 580, "_timestamp": 1733147948.7929502, "_runtime": 454.5316491127014, "_step": 29, "eval/loss": 0.4233096241950989, "eval/accuracy": 0.8308823529411765, "eval/f1": 0.8855721393034827, "eval/combined_score": 0.8582272461223296, "eval/runtime": 12.0169, "eval/samples_per_second": 33.952, "eval/steps_per_second": 4.244, "_wandb": {"runtime": 468}}