{"train/loss": 0.6125, "train/grad_norm": 23.993379592895508, "train/learning_rate": 0.002711547452080411, "train/epoch": 1.6269284712482468, "train/global_step": 1160, "_timestamp": 1733585811.7149587, "_runtime": 1068.0056567192078, "_step": 58, "eval/loss": 0.6025809645652771, "eval/matthews_correlation": 0.10385466804655791, "eval/mcc_12": 0.10385466804655791, "eval/mcc_16": 0.10385466804655791, "eval/mcc_20": 0.10385466804655791, "eval/mcc_25": 0.10385466804655791, "eval/runtime": 158.063, "eval/samples_per_second": 6.599, "eval/steps_per_second": 0.829, "_wandb": {"runtime": 1068}}