{"_runtime": 8677.47716832161, "_step": 330, "_timestamp": 1733508613.7228293, "eval/accuracy": 0.8333333333333334, "eval/accuracy_10": 0.8235294117647058, "eval/accuracy_11": 0.8259803921568627, "eval/accuracy_12": 0.8284313725490197, "eval/accuracy_13": 0.8259803921568627, "eval/accuracy_14": 0.8259803921568627, "eval/accuracy_15": 0.8308823529411765, "eval/accuracy_16": 0.8284313725490197, "eval/accuracy_17": 0.8284313725490197, "eval/accuracy_18": 0.8284313725490197, "eval/accuracy_19": 0.8308823529411765, "eval/accuracy_20": 0.8308823529411765, "eval/accuracy_21": 0.8308823529411765, "eval/accuracy_22": 0.8308823529411765, "eval/accuracy_23": 0.8333333333333334, "eval/accuracy_24": 0.8308823529411765, "eval/accuracy_25": 0.8333333333333334, "eval/combined_score": 0.8596196868008948, "eval/f1": 0.8859060402684563, "eval/loss": 0.39280372858047485, "eval/runtime": 224.6741, "eval/samples_per_second": 1.816, "eval/steps_per_second": 0.227, "train/epoch": 17.964071856287426, "train/global_step": 6000, "train/grad_norm": 8.421504020690918, "train/learning_rate": 8.502994011976048e-05, "train/loss": 0.4435, "_wandb": {"runtime": 2867}}