{"train/loss": 0.3347, "train/grad_norm": 1.4195032119750977, "train/learning_rate": 0.0005281437125748503, "train/epoch": 14.37125748502994, "train/global_step": 4800, "_timestamp": 1733437451.0016026, "_runtime": 6463.397032737732, "_step": 253, "eval/loss": 0.4389192461967468, "eval/accuracy": 0.8651960784313726, "eval/f1": 0.9023090586145649, "eval/combined_score": 0.8837525685229688, "eval/accuracy_10": 0.8578431372549019, "eval/accuracy_11": 0.8578431372549019, "eval/accuracy_12": 0.8627450980392157, "eval/accuracy_13": 0.8627450980392157, "eval/accuracy_14": 0.8602941176470589, "eval/accuracy_15": 0.8627450980392157, "eval/accuracy_16": 0.8651960784313726, "eval/accuracy_17": 0.8602941176470589, "eval/accuracy_18": 0.8627450980392157, "eval/accuracy_19": 0.8627450980392157, "eval/accuracy_20": 0.8627450980392157, "eval/accuracy_21": 0.8627450980392157, "eval/accuracy_22": 0.8627450980392157, "eval/accuracy_23": 0.8627450980392157, "eval/accuracy_24": 0.8627450980392157, "eval/accuracy_25": 0.8627450980392157, "eval/runtime": 219.3111, "eval/samples_per_second": 1.86, "eval/steps_per_second": 0.233, "_wandb": {"runtime": 6465}}