{"eval/loss": 0.41525691747665405, "eval/accuracy": 0.821078431372549, "eval/f1": 0.8781302170283807, "eval/combined_score": 0.8496043242004648, "eval/accuracy_10": 0.8063725490196079, "eval/accuracy_11": 0.8137254901960784, "eval/accuracy_12": 0.803921568627451, "eval/accuracy_13": 0.8112745098039216, "eval/accuracy_14": 0.8088235294117647, "eval/accuracy_15": 0.8088235294117647, "eval/accuracy_16": 0.8088235294117647, "eval/accuracy_17": 0.8063725490196079, "eval/accuracy_18": 0.8112745098039216, "eval/accuracy_19": 0.8088235294117647, "eval/accuracy_20": 0.8161764705882353, "eval/accuracy_21": 0.8186274509803921, "eval/accuracy_22": 0.8186274509803921, "eval/accuracy_23": 0.8137254901960784, "eval/accuracy_24": 0.821078431372549, "eval/accuracy_25": 0.821078431372549, "eval/runtime": 204.3189, "eval/samples_per_second": 1.997, "eval/steps_per_second": 0.25, "train/epoch": 12.395209580838323, "train/global_step": 4140, "_timestamp": 1733505511.6126637, "_runtime": 311.29680275917053, "_step": 7, "train/loss": 0.3843, "train/grad_norm": 7.019759654998779, "train/learning_rate": 8.967065868263474e-05, "_wandb": {"runtime": 314}}