{"train/loss": 0.4051, "train/grad_norm": 8.113865852355957, "train/learning_rate": 8.932135728542914e-05, "train/epoch": 12.81437125748503, "train/global_step": 4280, "_timestamp": 1733487792.6708627, "_runtime": 5837.421842575073, "_step": 225, "eval/loss": 0.41525691747665405, "eval/accuracy": 0.821078431372549, "eval/f1": 0.8781302170283807, "eval/combined_score": 0.8496043242004648, "eval/accuracy_10": 0.8063725490196079, "eval/accuracy_11": 0.8137254901960784, "eval/accuracy_12": 0.803921568627451, "eval/accuracy_13": 0.8112745098039216, "eval/accuracy_14": 0.8088235294117647, "eval/accuracy_15": 0.8088235294117647, "eval/accuracy_16": 0.8088235294117647, "eval/accuracy_17": 0.8063725490196079, "eval/accuracy_18": 0.8112745098039216, "eval/accuracy_19": 0.8088235294117647, "eval/accuracy_20": 0.8161764705882353, "eval/accuracy_21": 0.8186274509803921, "eval/accuracy_22": 0.8186274509803921, "eval/accuracy_23": 0.8137254901960784, "eval/accuracy_24": 0.821078431372549, "eval/accuracy_25": 0.821078431372549, "eval/runtime": 220.9625, "eval/samples_per_second": 1.846, "eval/steps_per_second": 0.231}