{
    "epoch": 50.0,
    "total_flos": 1.021960106236416e+17,
    "train_loss": 0.44265415192664825,
    "train_runtime": 30490.8795,
    "train_samples": 8551,
    "train_samples_per_second": 14.022,
    "train_steps_per_second": 1.169
}