{
    "epoch": 50.0,
    "eval_accuracy": 0.8946078431372549,
    "eval_combined_score": 0.9097821065599014,
    "eval_f1": 0.9249563699825479,
    "eval_loss": 0.7828987240791321,
    "eval_runtime": 11.9159,
    "eval_samples": 408,
    "eval_samples_per_second": 34.24,
    "eval_steps_per_second": 4.28,
    "total_flos": 4.34898751322112e+16,
    "train_loss": 0.14616565468179343,
    "train_runtime": 12145.9688,
    "train_samples": 3668,
    "train_samples_per_second": 15.1,
    "train_steps_per_second": 1.26
}