{
    "epoch": 50.0,
    "total_flos": 4.34898751322112e+16,
    "train_loss": 0.14616565468179343,
    "train_runtime": 12145.9688,
    "train_samples": 3668,
    "train_samples_per_second": 15.1,
    "train_steps_per_second": 1.26
}