{
    "epoch": 50.0,
    "eval_accuracy": 0.8774509803921569,
    "eval_combined_score": 0.8948658410732715,
    "eval_f1": 0.912280701754386,
    "eval_loss": 0.7521713376045227,
    "eval_runtime": 11.8284,
    "eval_samples": 408,
    "eval_samples_per_second": 34.493,
    "eval_steps_per_second": 4.312,
    "total_flos": 4.3336052100096e+16,
    "train_loss": 0.20063658892621403,
    "train_runtime": 12256.0929,
    "train_samples": 3668,
    "train_samples_per_second": 14.964,
    "train_steps_per_second": 1.873
}