{
    "epoch": 50.0,
    "eval_accuracy": 0.8774509803921569,
    "eval_combined_score": 0.8948658410732715,
    "eval_f1": 0.912280701754386,
    "eval_loss": 0.7521713376045227,
    "eval_runtime": 11.8284,
    "eval_samples": 408,
    "eval_samples_per_second": 34.493,
    "eval_steps_per_second": 4.312
}