{
    "epoch": 50.0,
    "total_flos": 4.3336052100096e+16,
    "train_loss": 0.20063658892621403,
    "train_runtime": 12256.0929,
    "train_samples": 3668,
    "train_samples_per_second": 14.964,
    "train_steps_per_second": 1.873
}