{
    "epoch": 50.0,
    "eval_accuracy": 0.8529411764705882,
    "eval_combined_score": 0.8749241964827168,
    "eval_f1": 0.8969072164948454,
    "eval_loss": 0.8139868378639221,
    "eval_runtime": 11.8841,
    "eval_samples": 408,
    "eval_samples_per_second": 34.332,
    "eval_steps_per_second": 4.291
}