{"train/loss": 0.0495, "train/grad_norm": 0.3844458758831024, "train/learning_rate": 0.00027005988023952093, "train/epoch": 65.9880239520958, "train/global_step": 22040, "_timestamp": 1733406276.6791468, "_runtime": 31.086025714874268, "_step": 1, "_wandb": {"runtime": 40}}