{"train/loss": 0.4012, "train/grad_norm": 5.7020063400268555, "train/learning_rate": 0.003992374727668845, "train/epoch": 2.395424836601307, "train/global_step": 733, "_timestamp": 1733571687.0914016, "_runtime": 616.6676995754242, "_step": 734, "eval/loss": 0.5275247097015381, "eval/accuracy": 0.7720588235294118, "eval/f1": 0.8248587570621468, "eval/combined_score": 0.7984587902957794, "eval/runtime": 13.1075, "eval/samples_per_second": 31.127, "eval/steps_per_second": 3.891, "_wandb": {"runtime": 616}}