{
    "epoch": 50.0,
    "eval_accuracy": 0.9019607843137255,
    "eval_combined_score": 0.9152661064425771,
    "eval_f1": 0.9285714285714286,
    "eval_loss": 0.8101961612701416,
    "eval_runtime": 12.5459,
    "eval_samples": 408,
    "eval_samples_per_second": 32.521,
    "eval_steps_per_second": 4.065
}