{"train/loss": 0.2733, "train/grad_norm": 2.5727477073669434, "train/learning_rate": 0.001330398995362254, "train/epoch": 89.9859747545582, "train/global_step": 64160, "_timestamp": 1733651172.7811673, "_runtime": 65301.55229115486, "_step": 3296, "eval/loss": 0.7330894470214844, "eval/matthews_correlation": 0.5881447302014868, "eval/mcc_12": 0.581055666295123, "eval/mcc_16": 0.5785159256958909, "eval/mcc_20": 0.5779057511117575, "eval/mcc_25": 0.5881447302014868, "eval/runtime": 157.9774, "eval/samples_per_second": 6.602, "eval/steps_per_second": 0.829, "_wandb": {"runtime": 65458}}