{
    "epoch": 50.0,
    "eval_accuracy": 0.8602941176470589,
    "eval_combined_score": 0.8804088389282414,
    "eval_f1": 0.900523560209424,
    "eval_loss": 0.57530277967453,
    "eval_runtime": 11.9205,
    "eval_samples": 408,
    "eval_samples_per_second": 34.227,
    "eval_steps_per_second": 4.278,
    "total_flos": 4.30297041205248e+16,
    "train_loss": 0.3012680065476037,
    "train_runtime": 12526.3327,
    "train_samples": 3668,
    "train_samples_per_second": 14.641,
    "train_steps_per_second": 1.832
}