{
    "epoch": 50.0,
    "total_flos": 4.30297041205248e+16,
    "train_loss": 0.3012680065476037,
    "train_runtime": 12526.3327,
    "train_samples": 3668,
    "train_samples_per_second": 14.641,
    "train_steps_per_second": 1.832
}