{
    "epoch": 50.0,
    "eval_accuracy": 0.8799019607843137,
    "eval_combined_score": 0.8968929839070954,
    "eval_f1": 0.913884007029877,
    "eval_loss": 0.8868657946586609,
    "eval_runtime": 11.9381,
    "eval_samples": 408,
    "eval_samples_per_second": 34.176,
    "eval_steps_per_second": 4.272,
    "total_flos": 4.36441308592128e+16,
    "train_loss": 0.13578555339995024,
    "train_runtime": 12400.6161,
    "train_samples": 3668,
    "train_samples_per_second": 14.79,
    "train_steps_per_second": 1.851
}