{
    "epoch": 50.0,
    "eval_accuracy": 0.8799019607843137,
    "eval_combined_score": 0.8968929839070954,
    "eval_f1": 0.913884007029877,
    "eval_loss": 0.8868657946586609,
    "eval_runtime": 11.9381,
    "eval_samples": 408,
    "eval_samples_per_second": 34.176,
    "eval_steps_per_second": 4.272
}