{
    "epoch": 50.0,
    "total_flos": 4.36441308592128e+16,
    "train_loss": 0.13578555339995024,
    "train_runtime": 12400.6161,
    "train_samples": 3668,
    "train_samples_per_second": 14.79,
    "train_steps_per_second": 1.851
}