{"train/loss": 0.2364, "train/grad_norm": 10.078200340270996, "train/learning_rate": 0.00012425149700598801, "train/epoch": 95.1497005988024, "train/global_step": 31780, "_timestamp": 1733481868.1934245, "_runtime": 44351.44905948639, "_step": 1683, "eval/loss": 0.43421676754951477, "eval/accuracy": 0.8602941176470589, "eval/f1": 0.9025641025641027, "eval/combined_score": 0.8814291101055808, "eval/accuracy_10": 0.8553921568627451, "eval/accuracy_11": 0.8553921568627451, "eval/accuracy_12": 0.8553921568627451, "eval/accuracy_13": 0.8578431372549019, "eval/accuracy_14": 0.8602941176470589, "eval/accuracy_15": 0.8602941176470589, "eval/accuracy_16": 0.8529411764705882, "eval/accuracy_17": 0.8578431372549019, "eval/accuracy_18": 0.8578431372549019, "eval/accuracy_19": 0.8553921568627451, "eval/accuracy_20": 0.8553921568627451, "eval/accuracy_21": 0.8529411764705882, "eval/accuracy_22": 0.8578431372549019, "eval/accuracy_23": 0.8602941176470589, "eval/accuracy_24": 0.8651960784313726, "eval/accuracy_25": 0.8602941176470589, "eval/runtime": 217.3098, "eval/samples_per_second": 1.878, "eval/steps_per_second": 0.235, "_wandb": {"runtime": 44360}}