{"train/loss": 0.7857, "train/grad_norm": 16.491241455078125, "train/learning_rate": 3.438836612489307e-05, "train/epoch": 66.0, "train/global_step": 22044, "_timestamp": 1733295503.0614176, "_runtime": 239.96614456176758, "_step": 2, "eval/loss": 0.6027130484580994, "eval/accuracy": 0.696078431372549, "eval/f1": 0.8068535825545171, "eval/combined_score": 0.751466006963533, "eval/accuracy_10": 0.6862745098039216, "eval/accuracy_11": 0.6838235294117647, "eval/accuracy_12": 0.6813725490196079, "eval/accuracy_13": 0.6887254901960784, "eval/accuracy_14": 0.6887254901960784, "eval/accuracy_15": 0.6936274509803921, "eval/accuracy_16": 0.6911764705882353, "eval/accuracy_17": 0.6911764705882353, "eval/accuracy_18": 0.7009803921568627, "eval/accuracy_19": 0.7009803921568627, "eval/accuracy_20": 0.7034313725490197, "eval/accuracy_21": 0.6985294117647058, "eval/accuracy_22": 0.6985294117647058, "eval/accuracy_23": 0.7058823529411765, "eval/accuracy_24": 0.7009803921568627, "eval/accuracy_25": 0.696078431372549, "eval/runtime": 206.098, "eval/samples_per_second": 1.98, "eval/steps_per_second": 0.247, "_wandb": {"runtime": 239}}