{"train/loss": 0.7047, "train/grad_norm": 11.15009593963623, "train/learning_rate": 0.00026706586826347303, "train/epoch": 66.58682634730539, "train/global_step": 22240, "_timestamp": 1733299086.5975437, "_runtime": 381.5299367904663, "_step": 12, "eval/loss": 0.6257687211036682, "eval/accuracy": 0.6666666666666666, "eval/f1": 0.7384615384615384, "eval/combined_score": 0.7025641025641025, "eval/accuracy_10": 0.6544117647058824, "eval/accuracy_11": 0.6617647058823529, "eval/accuracy_12": 0.678921568627451, "eval/accuracy_13": 0.6715686274509803, "eval/accuracy_14": 0.6617647058823529, "eval/accuracy_15": 0.6593137254901961, "eval/accuracy_16": 0.6593137254901961, "eval/accuracy_17": 0.6519607843137255, "eval/accuracy_18": 0.6544117647058824, "eval/accuracy_19": 0.6470588235294118, "eval/accuracy_20": 0.6519607843137255, "eval/accuracy_21": 0.6495098039215687, "eval/accuracy_22": 0.6495098039215687, "eval/accuracy_23": 0.6421568627450981, "eval/accuracy_24": 0.6446078431372549, "eval/accuracy_25": 0.6470588235294118, "eval/runtime": 205.1808, "eval/samples_per_second": 1.988, "eval/steps_per_second": 0.249, "_wandb": {"runtime": 387}}