{"train/loss": 0.6576, "train/grad_norm": 6.835055828094482, "train/learning_rate": 0.0005943541488451668, "train/epoch": 0.6586826347305389, "train/global_step": 220, "_timestamp": 1733256565.309411, "_runtime": 364.87958312034607, "_step": 11, "eval/loss": 0.6325098872184753, "eval/accuracy": 0.6985294117647058, "eval/f1": 0.7474332648870637, "eval/combined_score": 0.7229813383258847, "eval/accuracy_10": 0.6691176470588235, "eval/accuracy_11": 0.6666666666666666, "eval/accuracy_12": 0.678921568627451, "eval/accuracy_13": 0.6887254901960784, "eval/accuracy_14": 0.6887254901960784, "eval/accuracy_15": 0.6985294117647058, "eval/accuracy_16": 0.6911764705882353, "eval/accuracy_17": 0.6887254901960784, "eval/accuracy_18": 0.6862745098039216, "eval/accuracy_19": 0.6887254901960784, "eval/accuracy_20": 0.696078431372549, "eval/accuracy_21": 0.6985294117647058, "eval/accuracy_22": 0.7034313725490197, "eval/accuracy_23": 0.696078431372549, "eval/accuracy_24": 0.7034313725490197, "eval/accuracy_25": 0.6985294117647058, "eval/runtime": 204.1884, "eval/samples_per_second": 1.998, "eval/steps_per_second": 0.25, "_wandb": {"runtime": 373}}