{"train/loss": 0.392, "train/grad_norm": 14.925304412841797, "train/learning_rate": 0.0005901197604790419, "train/epoch": 1.9760479041916168, "train/global_step": 660, "_timestamp": 1733430072.9408588, "_runtime": 680.485357761383, "_step": 33, "eval/loss": 0.5650667548179626, "eval/accuracy": 0.7230392156862745, "eval/f1": 0.8295625942684767, "eval/combined_score": 0.7763009049773756, "eval/accuracy_10": 0.7205882352941176, "eval/accuracy_11": 0.7205882352941176, "eval/accuracy_12": 0.7205882352941176, "eval/accuracy_13": 0.7205882352941176, "eval/accuracy_14": 0.7205882352941176, "eval/accuracy_15": 0.7205882352941176, "eval/accuracy_16": 0.7205882352941176, "eval/accuracy_17": 0.7205882352941176, "eval/accuracy_18": 0.7181372549019608, "eval/accuracy_19": 0.7181372549019608, "eval/accuracy_20": 0.7181372549019608, "eval/accuracy_21": 0.7181372549019608, "eval/accuracy_22": 0.7181372549019608, "eval/accuracy_23": 0.7156862745098039, "eval/accuracy_24": 0.7156862745098039, "eval/accuracy_25": 0.7156862745098039, "eval/runtime": 207.3678, "eval/samples_per_second": 1.968, "eval/steps_per_second": 0.246, "_wandb": {"runtime": 893}}