{"train/loss": 0.1957, "train/grad_norm": 9.673340797424316, "train/learning_rate": 0.0, "train/epoch": 50.0, "train/global_step": 35650, "_timestamp": 1733541152.7339344, "_runtime": 30523.932312488556, "_step": 35701, "eval/loss": 0.6061345338821411, "eval/matthews_correlation": 0.6138859958577028, "eval/runtime": 32.9919, "eval/samples_per_second": 31.614, "eval/steps_per_second": 3.971, "train_runtime": 30490.8795, "train_samples_per_second": 14.022, "train_steps_per_second": 1.169, "total_flos": 1.021960106236416e+17, "train_loss": 0.44265415192664825, "_wandb": {"runtime": 30523}}