{"train_runtime": 5.1529, "train_samples_per_second": 35591.607, "train_steps_per_second": 3240.893, "total_flos": 5.775132294884352e+16, "train_loss": 0.0, "train/epoch": 65.86826347305389, "train/global_step": 22000, "_timestamp": 1733293903.6627257, "_runtime": 210.11245369911194, "_step": 1, "eval/loss": 1.108934760093689, "eval/accuracy": 0.6666666666666666, "eval/f1": 0.7224489795918367, "eval/combined_score": 0.6945578231292517, "eval/accuracy_10": 0.33578431372549017, "eval/accuracy_11": 0.33578431372549017, "eval/accuracy_12": 0.33578431372549017, "eval/accuracy_13": 0.33578431372549017, "eval/accuracy_14": 0.33578431372549017, "eval/accuracy_15": 0.3382352941176471, "eval/accuracy_16": 0.3382352941176471, "eval/accuracy_17": 0.3382352941176471, "eval/accuracy_18": 0.33578431372549017, "eval/accuracy_19": 0.33578431372549017, "eval/accuracy_20": 0.3382352941176471, "eval/accuracy_21": 0.3382352941176471, "eval/accuracy_22": 0.3382352941176471, "eval/accuracy_23": 0.3382352941176471, "eval/accuracy_24": 0.34068627450980393, "eval/accuracy_25": 0.34068627450980393, "eval/runtime": 206.0574, "eval/samples_per_second": 1.98, "eval/steps_per_second": 0.248, "_wandb": {"runtime": 209}}