{
    "epoch": 50.0,
    "eval_accuracy": 0.8823529411764706,
    "eval_combined_score": 0.8987736437331115,
    "eval_f1": 0.9151943462897526,
    "eval_loss": 0.9744044542312622,
    "eval_runtime": 13.2523,
    "eval_samples": 408,
    "eval_samples_per_second": 30.787,
    "eval_steps_per_second": 3.848
}