{
    "epoch": 50.0,
    "total_flos": 4.38375589951488e+16,
    "train_loss": 0.10641903456769455,
    "train_runtime": 13022.7417,
    "train_samples": 3668,
    "train_samples_per_second": 14.083,
    "train_steps_per_second": 1.762
}