{
    "epoch": 50.0,
    "eval_accuracy": 0.8823529411764706,
    "eval_combined_score": 0.8986232790988735,
    "eval_f1": 0.9148936170212766,
    "eval_loss": 0.8551087975502014,
    "eval_runtime": 12.0027,
    "eval_samples": 408,
    "eval_samples_per_second": 33.992,
    "eval_steps_per_second": 4.249,
    "total_flos": 4.36441308592128e+16,
    "train_loss": 0.12932207763706352,
    "train_runtime": 12138.895,
    "train_samples": 3668,
    "train_samples_per_second": 15.108,
    "train_steps_per_second": 1.26
}