{
    "epoch": 50.0,
    "eval_accuracy": 0.8823529411764706,
    "eval_combined_score": 0.8986232790988735,
    "eval_f1": 0.9148936170212766,
    "eval_loss": 0.8551087975502014,
    "eval_runtime": 12.0027,
    "eval_samples": 408,
    "eval_samples_per_second": 33.992,
    "eval_steps_per_second": 4.249
}