{"_runtime": 413.2639648914337, "_step": 9, "_timestamp": 1733407952.1966949, "train/epoch": 66.2874251497006, "train/global_step": 22140, "train/grad_norm": 18.76287269592285, "train/learning_rate": 0.000268562874251497, "train/loss": 0.0898, "eval/loss": 0.8314821720123291, "eval/accuracy": 0.8553921568627451, "eval/f1": 0.8981001727115717, "eval/combined_score": 0.8767461647871584, "eval/accuracy_10": 0.8553921568627451, "eval/accuracy_11": 0.8553921568627451, "eval/accuracy_12": 0.8553921568627451, "eval/accuracy_13": 0.8553921568627451, "eval/accuracy_14": 0.8553921568627451, "eval/accuracy_15": 0.8553921568627451, "eval/accuracy_16": 0.8553921568627451, "eval/accuracy_17": 0.8553921568627451, "eval/accuracy_18": 0.8553921568627451, "eval/accuracy_19": 0.8553921568627451, "eval/accuracy_20": 0.8553921568627451, "eval/accuracy_21": 0.8553921568627451, "eval/accuracy_22": 0.8553921568627451, "eval/accuracy_23": 0.8553921568627451, "eval/accuracy_24": 0.8553921568627451, "eval/accuracy_25": 0.8553921568627451, "eval/runtime": 203.4938, "eval/samples_per_second": 2.005, "eval/steps_per_second": 0.251, "_wandb": {"runtime": 411}}