{"train/loss": 0.0753, "train/grad_norm": 0.5814991593360901, "train/learning_rate": 0.0, "train/epoch": 70.0, "train/global_step": 23380, "_timestamp": 1733290951.168728, "_runtime": 32520.942516088486, "_step": 1240, "eval/loss": 0.911622166633606, "eval/accuracy": 0.8553921568627451, "eval/f1": 0.8984509466437176, "eval/combined_score": 0.8769215517532314, "eval/accuracy_10": 0.8529411764705882, "eval/accuracy_11": 0.8504901960784313, "eval/accuracy_12": 0.8529411764705882, "eval/accuracy_13": 0.8504901960784313, "eval/accuracy_14": 0.8504901960784313, "eval/accuracy_15": 0.8553921568627451, "eval/accuracy_16": 0.8553921568627451, "eval/accuracy_17": 0.8578431372549019, "eval/accuracy_18": 0.8553921568627451, "eval/accuracy_19": 0.8529411764705882, "eval/accuracy_20": 0.8578431372549019, "eval/accuracy_21": 0.8529411764705882, "eval/accuracy_22": 0.8553921568627451, "eval/accuracy_23": 0.8553921568627451, "eval/accuracy_24": 0.8553921568627451, "eval/accuracy_25": 0.8553921568627451, "eval/runtime": 213.5182, "eval/samples_per_second": 1.911, "eval/steps_per_second": 0.239, "train_runtime": 32308.1553, "train_samples_per_second": 7.947, "train_steps_per_second": 0.724, "total_flos": 6.137258259320832e+16, "train_loss": 0.2001791367745481, "_wandb": {"runtime": 32520}}