{"_runtime": 788.6334066390991, "_step": 22, "_timestamp": 1733408577.6449976, "eval/accuracy": 0.8553921568627451, "eval/accuracy_10": 0.8553921568627451, "eval/accuracy_11": 0.8553921568627451, "eval/accuracy_12": 0.8553921568627451, "eval/accuracy_13": 0.8553921568627451, "eval/accuracy_14": 0.8553921568627451, "eval/accuracy_15": 0.8553921568627451, "eval/accuracy_16": 0.8553921568627451, "eval/accuracy_17": 0.8553921568627451, "eval/accuracy_18": 0.8553921568627451, "eval/accuracy_19": 0.8553921568627451, "eval/accuracy_20": 0.8553921568627451, "eval/accuracy_21": 0.8553921568627451, "eval/accuracy_22": 0.8553921568627451, "eval/accuracy_23": 0.8553921568627451, "eval/accuracy_24": 0.8553921568627451, "eval/accuracy_25": 0.8553921568627451, "eval/combined_score": 0.8767461647871584, "eval/f1": 0.8981001727115717, "eval/loss": 0.8314821720123291, "eval/runtime": 203.558, "eval/samples_per_second": 2.004, "eval/steps_per_second": 0.251, "train/epoch": 66.58682634730539, "train/global_step": 22240, "train/grad_norm": 0.23220767080783844, "train/learning_rate": 0.00026706586826347303, "train/loss": 0.1918, "_wandb": {"runtime": 802}}