{
    "epoch": 10.0,
    "eval_accuracy": 0.8946078431372549,
    "eval_combined_score": 0.9092508242234947,
    "eval_f1": 0.9238938053097344,
    "eval_loss": 0.8781148791313171,
    "eval_runtime": 12.5854,
    "eval_samples": 408,
    "eval_samples_per_second": 32.419,
    "eval_steps_per_second": 4.052
}