{
    "epoch": 50.0,
    "eval_accuracy": 0.8921568627450981,
    "eval_combined_score": 0.907209173422019,
    "eval_f1": 0.9222614840989399,
    "eval_loss": 0.7350689768791199,
    "eval_runtime": 11.9463,
    "eval_samples": 408,
    "eval_samples_per_second": 34.153,
    "eval_steps_per_second": 4.269,
    "total_flos": 4.34898751322112e+16,
    "train_loss": 0.15246061374364353,
    "train_runtime": 12266.1132,
    "train_samples": 3668,
    "train_samples_per_second": 14.952,
    "train_steps_per_second": 1.871
}