{
    "epoch": 50.0,
    "eval_accuracy": 0.8921568627450981,
    "eval_combined_score": 0.907209173422019,
    "eval_f1": 0.9222614840989399,
    "eval_loss": 0.7350689768791199,
    "eval_runtime": 11.9463,
    "eval_samples": 408,
    "eval_samples_per_second": 34.153,
    "eval_steps_per_second": 4.269
}