{
    "epoch": 70.0,
    "eval_accuracy": 0.8553921568627451,
    "eval_accuracy_10": 0.8529411764705882,
    "eval_accuracy_11": 0.8504901960784313,
    "eval_accuracy_12": 0.8529411764705882,
    "eval_accuracy_13": 0.8504901960784313,
    "eval_accuracy_14": 0.8504901960784313,
    "eval_accuracy_15": 0.8553921568627451,
    "eval_accuracy_16": 0.8553921568627451,
    "eval_accuracy_17": 0.8578431372549019,
    "eval_accuracy_18": 0.8553921568627451,
    "eval_accuracy_19": 0.8529411764705882,
    "eval_accuracy_20": 0.8578431372549019,
    "eval_accuracy_21": 0.8529411764705882,
    "eval_accuracy_22": 0.8553921568627451,
    "eval_accuracy_23": 0.8553921568627451,
    "eval_accuracy_24": 0.8553921568627451,
    "eval_accuracy_25": 0.8553921568627451,
    "eval_combined_score": 0.8769215517532314,
    "eval_f1": 0.8984509466437176,
    "eval_loss": 0.911622166633606,
    "eval_runtime": 213.5182,
    "eval_samples": 408,
    "eval_samples_per_second": 1.911,
    "eval_steps_per_second": 0.239
}