{
    "epoch": 70.0,
    "eval_accuracy": 0.8970588235294118,
    "eval_combined_score": 0.9115575807787903,
    "eval_f1": 0.926056338028169,
    "eval_loss": 0.8833219408988953,
    "eval_runtime": 12.0708,
    "eval_samples": 408,
    "eval_samples_per_second": 33.801,
    "eval_steps_per_second": 4.225,
    "total_flos": 6.137258259320832e+16,
    "train_loss": 0.07937311752511866,
    "train_runtime": 17580.2277,
    "train_samples": 3668,
    "train_samples_per_second": 14.605,
    "train_steps_per_second": 1.218
}