{"train/loss": 0.0495, "train/grad_norm": 0.3844458758831024, "train/learning_rate": 0.00027005988023952093, "train/epoch": 65.9880239520958, "train/global_step": 22040, "_timestamp": 1733406526.8152702, "_runtime": 30.786452293395996, "_step": 1, "_wandb": {"runtime": 109}}